run_uid,arm,plan_id,task_id,kind,path
m-659-eligibility-r1,eligibility,659,4206,actual,src/cache.zig
m-659-eligibility-r1,eligibility,659,4206,actual,src/migrations/0005_observed_settings.sql
m-659-eligibility-r1,eligibility,659,4207,actual,src/apply_policy.zig
m-659-eligibility-r1,eligibility,659,4207,actual,src/doctor.zig
m-659-eligibility-r1,eligibility,659,4207,actual,src/manifest.zig
m-659-eligibility-r1,eligibility,659,4207,actual,src/planner.zig
m-659-eligibility-r1,eligibility,659,4207,actual,src/planner_proptest.zig
m-659-eligibility-r1,eligibility,659,4208,actual,src/query.zig
m-659-eligibility-r1,eligibility,659,4206,declared,src/cache.zig
m-659-eligibility-r1,eligibility,659,4207,declared,src/apply_policy.zig
m-659-eligibility-r1,eligibility,659,4207,declared,src/manifest.zig
m-659-eligibility-r1,eligibility,659,4208,declared,src/query.zig
m-659-eligibility-r3,eligibility,659,4206,actual,src/cache.zig
m-659-eligibility-r3,eligibility,659,4206,actual,src/migrations/0005_observed_settings.sql
m-659-eligibility-r3,eligibility,659,4207,actual,src/apply_policy.zig
m-659-eligibility-r3,eligibility,659,4207,actual,src/doctor.zig
m-659-eligibility-r3,eligibility,659,4207,actual,src/manifest.zig
m-659-eligibility-r3,eligibility,659,4207,actual,src/planner.zig
m-659-eligibility-r3,eligibility,659,4207,actual,src/planner_proptest.zig
m-659-eligibility-r3,eligibility,659,4208,actual,src/query.zig
m-659-eligibility-r3,eligibility,659,4206,declared,src/cache.zig
m-659-eligibility-r3,eligibility,659,4207,declared,src/apply_policy.zig
m-659-eligibility-r3,eligibility,659,4207,declared,src/manifest.zig
m-659-eligibility-r3,eligibility,659,4208,declared,src/query.zig
m-659-eligibility-r4,eligibility,659,4206,actual,git-fleet
m-659-eligibility-r4,eligibility,659,4206,actual,src/cache.zig
m-659-eligibility-r4,eligibility,659,4206,actual,src/migrations/0005_observed_settings.sql
m-659-eligibility-r4,eligibility,659,4207,actual,src/apply_policy.zig
m-659-eligibility-r4,eligibility,659,4207,actual,src/doctor.zig
m-659-eligibility-r4,eligibility,659,4207,actual,src/manifest.zig
m-659-eligibility-r4,eligibility,659,4207,actual,src/planner.zig
m-659-eligibility-r4,eligibility,659,4207,actual,src/planner_proptest.zig
m-659-eligibility-r4,eligibility,659,4208,actual,src/query.zig
m-659-eligibility-r4,eligibility,659,4206,declared,src/cache.zig
m-659-eligibility-r4,eligibility,659,4207,declared,src/apply_policy.zig
m-659-eligibility-r4,eligibility,659,4207,declared,src/manifest.zig
m-659-eligibility-r4,eligibility,659,4208,declared,src/query.zig
m-659-eligibility-r5,eligibility,659,4206,actual,src/cache.zig
m-659-eligibility-r5,eligibility,659,4206,actual,src/migrations/0005_observed_settings.sql
m-659-eligibility-r5,eligibility,659,4207,actual,src/apply_policy.zig
m-659-eligibility-r5,eligibility,659,4207,actual,src/doctor.zig
m-659-eligibility-r5,eligibility,659,4207,actual,src/manifest.zig
m-659-eligibility-r5,eligibility,659,4207,actual,src/planner.zig
m-659-eligibility-r5,eligibility,659,4207,actual,src/planner_proptest.zig
m-659-eligibility-r5,eligibility,659,4208,actual,src/query.zig
m-659-eligibility-r5,eligibility,659,4206,declared,src/cache.zig
m-659-eligibility-r5,eligibility,659,4207,declared,src/apply_policy.zig
m-659-eligibility-r5,eligibility,659,4207,declared,src/manifest.zig
m-659-eligibility-r5,eligibility,659,4208,declared,src/query.zig
m-659-grouped-r1,grouped,659,4206,actual,src/apply.zig
m-659-grouped-r1,grouped,659,4206,actual,src/apply_policy.zig
m-659-grouped-r1,grouped,659,4206,actual,src/archive.zig
m-659-grouped-r1,grouped,659,4206,actual,src/cache.zig
m-659-grouped-r1,grouped,659,4206,actual,src/doctor.zig
m-659-grouped-r1,grouped,659,4206,actual,src/filter.zig
m-659-grouped-r1,grouped,659,4206,actual,src/main.zig
m-659-grouped-r1,grouped,659,4206,actual,src/manifest.zig
m-659-grouped-r1,grouped,659,4206,actual,src/migrations/0005_observed_settings.sql
m-659-grouped-r1,grouped,659,4206,actual,src/mv.zig
m-659-grouped-r1,grouped,659,4206,actual,src/planner.zig
m-659-grouped-r1,grouped,659,4206,actual,src/planner_proptest.zig
m-659-grouped-r1,grouped,659,4206,actual,src/query.zig
m-659-grouped-r1,grouped,659,4206,actual,src/rotate_webhooks.zig
m-659-grouped-r1,grouped,659,4207,actual,src/apply.zig
m-659-grouped-r1,grouped,659,4207,actual,src/apply_policy.zig
m-659-grouped-r1,grouped,659,4207,actual,src/archive.zig
m-659-grouped-r1,grouped,659,4207,actual,src/cache.zig
m-659-grouped-r1,grouped,659,4207,actual,src/doctor.zig
m-659-grouped-r1,grouped,659,4207,actual,src/filter.zig
m-659-grouped-r1,grouped,659,4207,actual,src/main.zig
m-659-grouped-r1,grouped,659,4207,actual,src/manifest.zig
m-659-grouped-r1,grouped,659,4207,actual,src/migrations/0005_observed_settings.sql
m-659-grouped-r1,grouped,659,4207,actual,src/mv.zig
m-659-grouped-r1,grouped,659,4207,actual,src/planner.zig
m-659-grouped-r1,grouped,659,4207,actual,src/planner_proptest.zig
m-659-grouped-r1,grouped,659,4207,actual,src/query.zig
m-659-grouped-r1,grouped,659,4207,actual,src/rotate_webhooks.zig
m-659-grouped-r1,grouped,659,4208,actual,src/apply.zig
m-659-grouped-r1,grouped,659,4208,actual,src/apply_policy.zig
m-659-grouped-r1,grouped,659,4208,actual,src/archive.zig
m-659-grouped-r1,grouped,659,4208,actual,src/cache.zig
m-659-grouped-r1,grouped,659,4208,actual,src/doctor.zig
m-659-grouped-r1,grouped,659,4208,actual,src/filter.zig
m-659-grouped-r1,grouped,659,4208,actual,src/main.zig
m-659-grouped-r1,grouped,659,4208,actual,src/manifest.zig
m-659-grouped-r1,grouped,659,4208,actual,src/migrations/0005_observed_settings.sql
m-659-grouped-r1,grouped,659,4208,actual,src/mv.zig
m-659-grouped-r1,grouped,659,4208,actual,src/planner.zig
m-659-grouped-r1,grouped,659,4208,actual,src/planner_proptest.zig
m-659-grouped-r1,grouped,659,4208,actual,src/query.zig
m-659-grouped-r1,grouped,659,4208,actual,src/rotate_webhooks.zig
m-659-grouped-r1,grouped,659,4206,declared,src/cache.zig
m-659-grouped-r1,grouped,659,4207,declared,src/apply_policy.zig
m-659-grouped-r1,grouped,659,4207,declared,src/manifest.zig
m-659-grouped-r1,grouped,659,4208,declared,src/query.zig
m-659-grouped-r3,grouped,659,4206,actual,src/apply_policy.zig
m-659-grouped-r3,grouped,659,4206,actual,src/cache.zig
m-659-grouped-r3,grouped,659,4206,actual,src/doctor.zig
m-659-grouped-r3,grouped,659,4206,actual,src/manifest.zig
m-659-grouped-r3,grouped,659,4206,actual,src/migrations/0005_observed_settings.sql
m-659-grouped-r3,grouped,659,4206,actual,src/planner.zig
m-659-grouped-r3,grouped,659,4206,actual,src/planner_proptest.zig
m-659-grouped-r3,grouped,659,4206,actual,src/query.zig
m-659-grouped-r3,grouped,659,4207,actual,src/apply_policy.zig
m-659-grouped-r3,grouped,659,4207,actual,src/cache.zig
m-659-grouped-r3,grouped,659,4207,actual,src/doctor.zig
m-659-grouped-r3,grouped,659,4207,actual,src/manifest.zig
m-659-grouped-r3,grouped,659,4207,actual,src/migrations/0005_observed_settings.sql
m-659-grouped-r3,grouped,659,4207,actual,src/planner.zig
m-659-grouped-r3,grouped,659,4207,actual,src/planner_proptest.zig
m-659-grouped-r3,grouped,659,4207,actual,src/query.zig
m-659-grouped-r3,grouped,659,4208,actual,src/apply_policy.zig
m-659-grouped-r3,grouped,659,4208,actual,src/cache.zig
m-659-grouped-r3,grouped,659,4208,actual,src/doctor.zig
m-659-grouped-r3,grouped,659,4208,actual,src/manifest.zig
m-659-grouped-r3,grouped,659,4208,actual,src/migrations/0005_observed_settings.sql
m-659-grouped-r3,grouped,659,4208,actual,src/planner.zig
m-659-grouped-r3,grouped,659,4208,actual,src/planner_proptest.zig
m-659-grouped-r3,grouped,659,4208,actual,src/query.zig
m-659-grouped-r3,grouped,659,4206,declared,src/cache.zig
m-659-grouped-r3,grouped,659,4207,declared,src/apply_policy.zig
m-659-grouped-r3,grouped,659,4207,declared,src/manifest.zig
m-659-grouped-r3,grouped,659,4208,declared,src/query.zig
m-659-grouped-r4,grouped,659,4206,actual,src/apply.zig
m-659-grouped-r4,grouped,659,4206,actual,src/apply_policy.zig
m-659-grouped-r4,grouped,659,4206,actual,src/archive.zig
m-659-grouped-r4,grouped,659,4206,actual,src/cache.zig
m-659-grouped-r4,grouped,659,4206,actual,src/doctor.zig
m-659-grouped-r4,grouped,659,4206,actual,src/filter.zig
m-659-grouped-r4,grouped,659,4206,actual,src/github/extensions.zig
m-659-grouped-r4,grouped,659,4206,actual,src/gitlab/extensions.zig
m-659-grouped-r4,grouped,659,4206,actual,src/gitlab/provider.zig
m-659-grouped-r4,grouped,659,4206,actual,src/main.zig
m-659-grouped-r4,grouped,659,4206,actual,src/manifest.zig
m-659-grouped-r4,grouped,659,4206,actual,src/migrations/0005_observed_settings.sql
m-659-grouped-r4,grouped,659,4206,actual,src/mv.zig
m-659-grouped-r4,grouped,659,4206,actual,src/planner.zig
m-659-grouped-r4,grouped,659,4206,actual,src/planner_proptest.zig
m-659-grouped-r4,grouped,659,4206,actual,src/provider/fake.zig
m-659-grouped-r4,grouped,659,4206,actual,src/query.zig
m-659-grouped-r4,grouped,659,4206,actual,src/rotate_webhooks.zig
m-659-grouped-r4,grouped,659,4207,actual,src/apply.zig
m-659-grouped-r4,grouped,659,4207,actual,src/apply_policy.zig
m-659-grouped-r4,grouped,659,4207,actual,src/archive.zig
m-659-grouped-r4,grouped,659,4207,actual,src/cache.zig
m-659-grouped-r4,grouped,659,4207,actual,src/doctor.zig
m-659-grouped-r4,grouped,659,4207,actual,src/filter.zig
m-659-grouped-r4,grouped,659,4207,actual,src/github/extensions.zig
m-659-grouped-r4,grouped,659,4207,actual,src/gitlab/extensions.zig
m-659-grouped-r4,grouped,659,4207,actual,src/gitlab/provider.zig
m-659-grouped-r4,grouped,659,4207,actual,src/main.zig
m-659-grouped-r4,grouped,659,4207,actual,src/manifest.zig
m-659-grouped-r4,grouped,659,4207,actual,src/migrations/0005_observed_settings.sql
m-659-grouped-r4,grouped,659,4207,actual,src/mv.zig
m-659-grouped-r4,grouped,659,4207,actual,src/planner.zig
m-659-grouped-r4,grouped,659,4207,actual,src/planner_proptest.zig
m-659-grouped-r4,grouped,659,4207,actual,src/provider/fake.zig
m-659-grouped-r4,grouped,659,4207,actual,src/query.zig
m-659-grouped-r4,grouped,659,4207,actual,src/rotate_webhooks.zig
m-659-grouped-r4,grouped,659,4208,actual,src/apply.zig
m-659-grouped-r4,grouped,659,4208,actual,src/apply_policy.zig
m-659-grouped-r4,grouped,659,4208,actual,src/archive.zig
m-659-grouped-r4,grouped,659,4208,actual,src/cache.zig
m-659-grouped-r4,grouped,659,4208,actual,src/doctor.zig
m-659-grouped-r4,grouped,659,4208,actual,src/filter.zig
m-659-grouped-r4,grouped,659,4208,actual,src/github/extensions.zig
m-659-grouped-r4,grouped,659,4208,actual,src/gitlab/extensions.zig
m-659-grouped-r4,grouped,659,4208,actual,src/gitlab/provider.zig
m-659-grouped-r4,grouped,659,4208,actual,src/main.zig
m-659-grouped-r4,grouped,659,4208,actual,src/manifest.zig
m-659-grouped-r4,grouped,659,4208,actual,src/migrations/0005_observed_settings.sql
m-659-grouped-r4,grouped,659,4208,actual,src/mv.zig
m-659-grouped-r4,grouped,659,4208,actual,src/planner.zig
m-659-grouped-r4,grouped,659,4208,actual,src/planner_proptest.zig
m-659-grouped-r4,grouped,659,4208,actual,src/provider/fake.zig
m-659-grouped-r4,grouped,659,4208,actual,src/query.zig
m-659-grouped-r4,grouped,659,4208,actual,src/rotate_webhooks.zig
m-659-grouped-r4,grouped,659,4206,declared,src/cache.zig
m-659-grouped-r4,grouped,659,4207,declared,src/apply_policy.zig
m-659-grouped-r4,grouped,659,4207,declared,src/manifest.zig
m-659-grouped-r4,grouped,659,4208,declared,src/query.zig
m-659-grouped-r5,grouped,659,4206,actual,src/apply_policy.zig
m-659-grouped-r5,grouped,659,4206,actual,src/cache.zig
m-659-grouped-r5,grouped,659,4206,actual,src/doctor.zig
m-659-grouped-r5,grouped,659,4206,actual,src/manifest.zig
m-659-grouped-r5,grouped,659,4206,actual,src/migrations/0005_observed_settings.sql
m-659-grouped-r5,grouped,659,4206,actual,src/planner.zig
m-659-grouped-r5,grouped,659,4206,actual,src/planner_proptest.zig
m-659-grouped-r5,grouped,659,4206,actual,src/query.zig
m-659-grouped-r5,grouped,659,4207,actual,src/apply_policy.zig
m-659-grouped-r5,grouped,659,4207,actual,src/cache.zig
m-659-grouped-r5,grouped,659,4207,actual,src/doctor.zig
m-659-grouped-r5,grouped,659,4207,actual,src/manifest.zig
m-659-grouped-r5,grouped,659,4207,actual,src/migrations/0005_observed_settings.sql
m-659-grouped-r5,grouped,659,4207,actual,src/planner.zig
m-659-grouped-r5,grouped,659,4207,actual,src/planner_proptest.zig
m-659-grouped-r5,grouped,659,4207,actual,src/query.zig
m-659-grouped-r5,grouped,659,4208,actual,src/apply_policy.zig
m-659-grouped-r5,grouped,659,4208,actual,src/cache.zig
m-659-grouped-r5,grouped,659,4208,actual,src/doctor.zig
m-659-grouped-r5,grouped,659,4208,actual,src/manifest.zig
m-659-grouped-r5,grouped,659,4208,actual,src/migrations/0005_observed_settings.sql
m-659-grouped-r5,grouped,659,4208,actual,src/planner.zig
m-659-grouped-r5,grouped,659,4208,actual,src/planner_proptest.zig
m-659-grouped-r5,grouped,659,4208,actual,src/query.zig
m-659-grouped-r5,grouped,659,4206,declared,src/cache.zig
m-659-grouped-r5,grouped,659,4207,declared,src/apply_policy.zig
m-659-grouped-r5,grouped,659,4207,declared,src/manifest.zig
m-659-grouped-r5,grouped,659,4208,declared,src/query.zig
m-659-strict-r1,strict,659,4206,actual,src/cache.zig
m-659-strict-r1,strict,659,4206,actual,src/migrations/0005_observed_settings.sql
m-659-strict-r1,strict,659,4207,actual,src/apply_policy.zig
m-659-strict-r1,strict,659,4207,actual,src/doctor.zig
m-659-strict-r1,strict,659,4207,actual,src/manifest.zig
m-659-strict-r1,strict,659,4207,actual,src/planner.zig
m-659-strict-r1,strict,659,4207,actual,src/planner_proptest.zig
m-659-strict-r1,strict,659,4208,actual,src/query.zig
m-659-strict-r1,strict,659,4206,declared,src/cache.zig
m-659-strict-r1,strict,659,4207,declared,src/apply_policy.zig
m-659-strict-r1,strict,659,4207,declared,src/manifest.zig
m-659-strict-r1,strict,659,4208,declared,src/query.zig
m-659-strict-r3,strict,659,4206,actual,src/cache.zig
m-659-strict-r3,strict,659,4206,actual,src/migrations/0005_observed_settings.sql
m-659-strict-r3,strict,659,4207,actual,src/apply_policy.zig
m-659-strict-r3,strict,659,4207,actual,src/manifest.zig
m-659-strict-r3,strict,659,4208,actual,src/query.zig
m-659-strict-r3,strict,659,4206,declared,src/cache.zig
m-659-strict-r3,strict,659,4207,declared,src/apply_policy.zig
m-659-strict-r3,strict,659,4207,declared,src/manifest.zig
m-659-strict-r3,strict,659,4208,declared,src/query.zig
m-659-strict-r4,strict,659,4206,actual,src/cache.zig
m-659-strict-r4,strict,659,4206,actual,src/migrations/0005_observed_settings.sql
m-659-strict-r4,strict,659,4207,actual,src/apply_policy.zig
m-659-strict-r4,strict,659,4207,actual,src/doctor.zig
m-659-strict-r4,strict,659,4207,actual,src/manifest.zig
m-659-strict-r4,strict,659,4207,actual,src/planner.zig
m-659-strict-r4,strict,659,4207,actual,src/planner_proptest.zig
m-659-strict-r4,strict,659,4208,actual,src/query.zig
m-659-strict-r4,strict,659,4206,declared,src/cache.zig
m-659-strict-r4,strict,659,4207,declared,src/apply_policy.zig
m-659-strict-r4,strict,659,4207,declared,src/manifest.zig
m-659-strict-r4,strict,659,4208,declared,src/query.zig
m-659-strict-r5,strict,659,4206,actual,src/cache.zig
m-659-strict-r5,strict,659,4206,actual,src/migrations/0005_observed_settings.sql
m-659-strict-r5,strict,659,4207,actual,src/apply_policy.zig
m-659-strict-r5,strict,659,4207,actual,src/doctor.zig
m-659-strict-r5,strict,659,4207,actual,src/manifest.zig
m-659-strict-r5,strict,659,4207,actual,src/planner.zig
m-659-strict-r5,strict,659,4207,actual,src/planner_proptest.zig
m-659-strict-r5,strict,659,4208,actual,src/query.zig
m-659-strict-r5,strict,659,4206,declared,src/cache.zig
m-659-strict-r5,strict,659,4207,declared,src/apply_policy.zig
m-659-strict-r5,strict,659,4207,declared,src/manifest.zig
m-659-strict-r5,strict,659,4208,declared,src/query.zig
m-668-eligibility-r1,eligibility,668,4240,actual,src/apply.zig
m-668-eligibility-r1,eligibility,668,4241,actual,src/apply.zig
m-668-eligibility-r1,eligibility,668,4241,actual,src/cache.zig
m-668-eligibility-r1,eligibility,668,4242,actual,src/apply.zig
m-668-eligibility-r1,eligibility,668,4242,actual,src/github/provider.zig
m-668-eligibility-r1,eligibility,668,4242,actual,src/gitlab/provider.zig
m-668-eligibility-r1,eligibility,668,4242,actual,src/planner.zig
m-668-eligibility-r1,eligibility,668,4242,actual,src/provider.zig
m-668-eligibility-r1,eligibility,668,4242,actual,src/provider/fake.zig
m-668-eligibility-r1,eligibility,668,4242,actual,src/sshbare/provider.zig
m-668-eligibility-r1,eligibility,668,4240,declared,src/apply.zig
m-668-eligibility-r1,eligibility,668,4241,declared,src/apply_policy.zig
m-668-eligibility-r1,eligibility,668,4241,declared,src/archive.zig
m-668-eligibility-r1,eligibility,668,4241,declared,src/cache.zig
m-668-eligibility-r1,eligibility,668,4241,declared,src/query.zig
m-668-eligibility-r1,eligibility,668,4241,declared,src/rotate_webhooks.zig
m-668-eligibility-r1,eligibility,668,4242,declared,src/archive.zig
m-668-eligibility-r1,eligibility,668,4242,declared,src/capabilities.zig
m-668-eligibility-r1,eligibility,668,4242,declared,src/github/provider.zig
m-668-eligibility-r1,eligibility,668,4242,declared,src/gitlab/provider.zig
m-668-eligibility-r1,eligibility,668,4242,declared,src/provider.zig
m-668-eligibility-r1,eligibility,668,4242,declared,src/provider/fake.zig
m-668-eligibility-r1,eligibility,668,4242,declared,src/sshbare/provider.zig
m-668-eligibility-r2,eligibility,668,4240,actual,src/apply.zig
m-668-eligibility-r2,eligibility,668,4241,actual,src/apply.zig
m-668-eligibility-r2,eligibility,668,4241,actual,src/cache.zig
m-668-eligibility-r2,eligibility,668,4242,actual,src/apply.zig
m-668-eligibility-r2,eligibility,668,4242,actual,src/github/extensions.zig
m-668-eligibility-r2,eligibility,668,4242,actual,src/github/provider.zig
m-668-eligibility-r2,eligibility,668,4242,actual,src/gitlab/extensions.zig
m-668-eligibility-r2,eligibility,668,4242,actual,src/gitlab/provider.zig
m-668-eligibility-r2,eligibility,668,4242,actual,src/planner.zig
m-668-eligibility-r2,eligibility,668,4242,actual,src/provider.zig
m-668-eligibility-r2,eligibility,668,4242,actual,src/provider/fake.zig
m-668-eligibility-r2,eligibility,668,4242,actual,src/sshbare/provider.zig
m-668-eligibility-r2,eligibility,668,4240,declared,src/apply.zig
m-668-eligibility-r2,eligibility,668,4241,declared,src/apply_policy.zig
m-668-eligibility-r2,eligibility,668,4241,declared,src/archive.zig
m-668-eligibility-r2,eligibility,668,4241,declared,src/cache.zig
m-668-eligibility-r2,eligibility,668,4241,declared,src/query.zig
m-668-eligibility-r2,eligibility,668,4241,declared,src/rotate_webhooks.zig
m-668-eligibility-r2,eligibility,668,4242,declared,src/archive.zig
m-668-eligibility-r2,eligibility,668,4242,declared,src/capabilities.zig
m-668-eligibility-r2,eligibility,668,4242,declared,src/github/provider.zig
m-668-eligibility-r2,eligibility,668,4242,declared,src/gitlab/provider.zig
m-668-eligibility-r2,eligibility,668,4242,declared,src/provider.zig
m-668-eligibility-r2,eligibility,668,4242,declared,src/provider/fake.zig
m-668-eligibility-r2,eligibility,668,4242,declared,src/sshbare/provider.zig
m-668-eligibility-r3,eligibility,668,4240,actual,src/apply.zig
m-668-eligibility-r3,eligibility,668,4241,actual,src/apply.zig
m-668-eligibility-r3,eligibility,668,4241,actual,src/cache.zig
m-668-eligibility-r3,eligibility,668,4242,actual,src/github.zig
m-668-eligibility-r3,eligibility,668,4242,actual,src/github/provider.zig
m-668-eligibility-r3,eligibility,668,4242,actual,src/gitlab.zig
m-668-eligibility-r3,eligibility,668,4242,actual,src/gitlab/provider.zig
m-668-eligibility-r3,eligibility,668,4242,actual,src/planner.zig
m-668-eligibility-r3,eligibility,668,4242,actual,src/provider.zig
m-668-eligibility-r3,eligibility,668,4242,actual,src/provider/fake.zig
m-668-eligibility-r3,eligibility,668,4242,actual,src/sshbare/provider.zig
m-668-eligibility-r3,eligibility,668,4240,declared,src/apply.zig
m-668-eligibility-r3,eligibility,668,4241,declared,src/apply_policy.zig
m-668-eligibility-r3,eligibility,668,4241,declared,src/archive.zig
m-668-eligibility-r3,eligibility,668,4241,declared,src/cache.zig
m-668-eligibility-r3,eligibility,668,4241,declared,src/query.zig
m-668-eligibility-r3,eligibility,668,4241,declared,src/rotate_webhooks.zig
m-668-eligibility-r3,eligibility,668,4242,declared,src/archive.zig
m-668-eligibility-r3,eligibility,668,4242,declared,src/capabilities.zig
m-668-eligibility-r3,eligibility,668,4242,declared,src/github/provider.zig
m-668-eligibility-r3,eligibility,668,4242,declared,src/gitlab/provider.zig
m-668-eligibility-r3,eligibility,668,4242,declared,src/provider.zig
m-668-eligibility-r3,eligibility,668,4242,declared,src/provider/fake.zig
m-668-eligibility-r3,eligibility,668,4242,declared,src/sshbare/provider.zig
m-668-eligibility-r4,eligibility,668,4240,actual,src/apply.zig
m-668-eligibility-r4,eligibility,668,4241,actual,src/apply.zig
m-668-eligibility-r4,eligibility,668,4241,actual,src/cache.zig
m-668-eligibility-r4,eligibility,668,4242,actual,src/github.zig
m-668-eligibility-r4,eligibility,668,4242,actual,src/github/provider.zig
m-668-eligibility-r4,eligibility,668,4242,actual,src/gitlab.zig
m-668-eligibility-r4,eligibility,668,4242,actual,src/gitlab/provider.zig
m-668-eligibility-r4,eligibility,668,4242,actual,src/planner.zig
m-668-eligibility-r4,eligibility,668,4242,actual,src/provider.zig
m-668-eligibility-r4,eligibility,668,4242,actual,src/provider/fake.zig
m-668-eligibility-r4,eligibility,668,4242,actual,src/sshbare/provider.zig
m-668-eligibility-r4,eligibility,668,4240,declared,src/apply.zig
m-668-eligibility-r4,eligibility,668,4241,declared,src/apply_policy.zig
m-668-eligibility-r4,eligibility,668,4241,declared,src/archive.zig
m-668-eligibility-r4,eligibility,668,4241,declared,src/cache.zig
m-668-eligibility-r4,eligibility,668,4241,declared,src/query.zig
m-668-eligibility-r4,eligibility,668,4241,declared,src/rotate_webhooks.zig
m-668-eligibility-r4,eligibility,668,4242,declared,src/archive.zig
m-668-eligibility-r4,eligibility,668,4242,declared,src/capabilities.zig
m-668-eligibility-r4,eligibility,668,4242,declared,src/github/provider.zig
m-668-eligibility-r4,eligibility,668,4242,declared,src/gitlab/provider.zig
m-668-eligibility-r4,eligibility,668,4242,declared,src/provider.zig
m-668-eligibility-r4,eligibility,668,4242,declared,src/provider/fake.zig
m-668-eligibility-r4,eligibility,668,4242,declared,src/sshbare/provider.zig
m-668-eligibility-r5,eligibility,668,4240,actual,src/apply.zig
m-668-eligibility-r5,eligibility,668,4241,actual,src/apply.zig
m-668-eligibility-r5,eligibility,668,4241,actual,src/cache.zig
m-668-eligibility-r5,eligibility,668,4242,actual,src/apply.zig
m-668-eligibility-r5,eligibility,668,4242,actual,src/github/extensions.zig
m-668-eligibility-r5,eligibility,668,4242,actual,src/github/provider.zig
m-668-eligibility-r5,eligibility,668,4242,actual,src/gitlab/extensions.zig
m-668-eligibility-r5,eligibility,668,4242,actual,src/gitlab/provider.zig
m-668-eligibility-r5,eligibility,668,4242,actual,src/planner.zig
m-668-eligibility-r5,eligibility,668,4242,actual,src/provider.zig
m-668-eligibility-r5,eligibility,668,4242,actual,src/provider/fake.zig
m-668-eligibility-r5,eligibility,668,4242,actual,src/sshbare/provider.zig
m-668-eligibility-r5,eligibility,668,4240,declared,src/apply.zig
m-668-eligibility-r5,eligibility,668,4241,declared,src/apply_policy.zig
m-668-eligibility-r5,eligibility,668,4241,declared,src/archive.zig
m-668-eligibility-r5,eligibility,668,4241,declared,src/cache.zig
m-668-eligibility-r5,eligibility,668,4241,declared,src/query.zig
m-668-eligibility-r5,eligibility,668,4241,declared,src/rotate_webhooks.zig
m-668-eligibility-r5,eligibility,668,4242,declared,src/archive.zig
m-668-eligibility-r5,eligibility,668,4242,declared,src/capabilities.zig
m-668-eligibility-r5,eligibility,668,4242,declared,src/github/provider.zig
m-668-eligibility-r5,eligibility,668,4242,declared,src/gitlab/provider.zig
m-668-eligibility-r5,eligibility,668,4242,declared,src/provider.zig
m-668-eligibility-r5,eligibility,668,4242,declared,src/provider/fake.zig
m-668-eligibility-r5,eligibility,668,4242,declared,src/sshbare/provider.zig
m-668-grouped-r1,grouped,668,4240,actual,src/apply.zig
m-668-grouped-r1,grouped,668,4240,actual,src/cache.zig
m-668-grouped-r1,grouped,668,4241,actual,src/apply.zig
m-668-grouped-r1,grouped,668,4241,actual,src/cache.zig
m-668-grouped-r1,grouped,668,4242,actual,src/github/provider.zig
m-668-grouped-r1,grouped,668,4242,actual,src/gitlab/provider.zig
m-668-grouped-r1,grouped,668,4242,actual,src/planner.zig
m-668-grouped-r1,grouped,668,4242,actual,src/provider.zig
m-668-grouped-r1,grouped,668,4242,actual,src/provider/fake.zig
m-668-grouped-r1,grouped,668,4242,actual,src/sshbare/provider.zig
m-668-grouped-r1,grouped,668,4240,declared,src/apply.zig
m-668-grouped-r1,grouped,668,4241,declared,src/apply_policy.zig
m-668-grouped-r1,grouped,668,4241,declared,src/archive.zig
m-668-grouped-r1,grouped,668,4241,declared,src/cache.zig
m-668-grouped-r1,grouped,668,4241,declared,src/query.zig
m-668-grouped-r1,grouped,668,4241,declared,src/rotate_webhooks.zig
m-668-grouped-r1,grouped,668,4242,declared,src/archive.zig
m-668-grouped-r1,grouped,668,4242,declared,src/capabilities.zig
m-668-grouped-r1,grouped,668,4242,declared,src/github/provider.zig
m-668-grouped-r1,grouped,668,4242,declared,src/gitlab/provider.zig
m-668-grouped-r1,grouped,668,4242,declared,src/provider.zig
m-668-grouped-r1,grouped,668,4242,declared,src/provider/fake.zig
m-668-grouped-r1,grouped,668,4242,declared,src/sshbare/provider.zig
m-668-grouped-r2,grouped,668,4240,actual,src/apply.zig
m-668-grouped-r2,grouped,668,4240,actual,src/cache.zig
m-668-grouped-r2,grouped,668,4241,actual,src/apply.zig
m-668-grouped-r2,grouped,668,4241,actual,src/cache.zig
m-668-grouped-r2,grouped,668,4242,actual,src/github/provider.zig
m-668-grouped-r2,grouped,668,4242,actual,src/gitlab/provider.zig
m-668-grouped-r2,grouped,668,4242,actual,src/planner.zig
m-668-grouped-r2,grouped,668,4242,actual,src/provider.zig
m-668-grouped-r2,grouped,668,4242,actual,src/provider/fake.zig
m-668-grouped-r2,grouped,668,4242,actual,src/sshbare/provider.zig
m-668-grouped-r2,grouped,668,4240,declared,src/apply.zig
m-668-grouped-r2,grouped,668,4241,declared,src/apply_policy.zig
m-668-grouped-r2,grouped,668,4241,declared,src/archive.zig
m-668-grouped-r2,grouped,668,4241,declared,src/cache.zig
m-668-grouped-r2,grouped,668,4241,declared,src/query.zig
m-668-grouped-r2,grouped,668,4241,declared,src/rotate_webhooks.zig
m-668-grouped-r2,grouped,668,4242,declared,src/archive.zig
m-668-grouped-r2,grouped,668,4242,declared,src/capabilities.zig
m-668-grouped-r2,grouped,668,4242,declared,src/github/provider.zig
m-668-grouped-r2,grouped,668,4242,declared,src/gitlab/provider.zig
m-668-grouped-r2,grouped,668,4242,declared,src/provider.zig
m-668-grouped-r2,grouped,668,4242,declared,src/provider/fake.zig
m-668-grouped-r2,grouped,668,4242,declared,src/sshbare/provider.zig
m-668-grouped-r3,grouped,668,4240,actual,src/apply.zig
m-668-grouped-r3,grouped,668,4240,actual,src/cache.zig
m-668-grouped-r3,grouped,668,4241,actual,src/apply.zig
m-668-grouped-r3,grouped,668,4241,actual,src/cache.zig
m-668-grouped-r3,grouped,668,4242,actual,src/github/provider.zig
m-668-grouped-r3,grouped,668,4242,actual,src/gitlab/provider.zig
m-668-grouped-r3,grouped,668,4242,actual,src/planner.zig
m-668-grouped-r3,grouped,668,4242,actual,src/provider.zig
m-668-grouped-r3,grouped,668,4242,actual,src/provider/fake.zig
m-668-grouped-r3,grouped,668,4242,actual,src/sshbare/provider.zig
m-668-grouped-r3,grouped,668,4240,declared,src/apply.zig
m-668-grouped-r3,grouped,668,4241,declared,src/apply_policy.zig
m-668-grouped-r3,grouped,668,4241,declared,src/archive.zig
m-668-grouped-r3,grouped,668,4241,declared,src/cache.zig
m-668-grouped-r3,grouped,668,4241,declared,src/query.zig
m-668-grouped-r3,grouped,668,4241,declared,src/rotate_webhooks.zig
m-668-grouped-r3,grouped,668,4242,declared,src/archive.zig
m-668-grouped-r3,grouped,668,4242,declared,src/capabilities.zig
m-668-grouped-r3,grouped,668,4242,declared,src/github/provider.zig
m-668-grouped-r3,grouped,668,4242,declared,src/gitlab/provider.zig
m-668-grouped-r3,grouped,668,4242,declared,src/provider.zig
m-668-grouped-r3,grouped,668,4242,declared,src/provider/fake.zig
m-668-grouped-r3,grouped,668,4242,declared,src/sshbare/provider.zig
m-668-grouped-r4,grouped,668,4240,actual,src/apply.zig
m-668-grouped-r4,grouped,668,4240,actual,src/cache.zig
m-668-grouped-r4,grouped,668,4241,actual,src/apply.zig
m-668-grouped-r4,grouped,668,4241,actual,src/cache.zig
m-668-grouped-r4,grouped,668,4242,actual,src/github/provider.zig
m-668-grouped-r4,grouped,668,4242,actual,src/gitlab/provider.zig
m-668-grouped-r4,grouped,668,4242,actual,src/planner.zig
m-668-grouped-r4,grouped,668,4242,actual,src/provider.zig
m-668-grouped-r4,grouped,668,4242,actual,src/provider/fake.zig
m-668-grouped-r4,grouped,668,4242,actual,src/sshbare/provider.zig
m-668-grouped-r4,grouped,668,4240,declared,src/apply.zig
m-668-grouped-r4,grouped,668,4241,declared,src/apply_policy.zig
m-668-grouped-r4,grouped,668,4241,declared,src/archive.zig
m-668-grouped-r4,grouped,668,4241,declared,src/cache.zig
m-668-grouped-r4,grouped,668,4241,declared,src/query.zig
m-668-grouped-r4,grouped,668,4241,declared,src/rotate_webhooks.zig
m-668-grouped-r4,grouped,668,4242,declared,src/archive.zig
m-668-grouped-r4,grouped,668,4242,declared,src/capabilities.zig
m-668-grouped-r4,grouped,668,4242,declared,src/github/provider.zig
m-668-grouped-r4,grouped,668,4242,declared,src/gitlab/provider.zig
m-668-grouped-r4,grouped,668,4242,declared,src/provider.zig
m-668-grouped-r4,grouped,668,4242,declared,src/provider/fake.zig
m-668-grouped-r4,grouped,668,4242,declared,src/sshbare/provider.zig
m-668-grouped-r5,grouped,668,4240,actual,src/apply.zig
m-668-grouped-r5,grouped,668,4240,actual,src/cache.zig
m-668-grouped-r5,grouped,668,4241,actual,src/apply.zig
m-668-grouped-r5,grouped,668,4241,actual,src/cache.zig
m-668-grouped-r5,grouped,668,4242,actual,src/apply.zig
m-668-grouped-r5,grouped,668,4242,actual,src/github/provider.zig
m-668-grouped-r5,grouped,668,4242,actual,src/gitlab/provider.zig
m-668-grouped-r5,grouped,668,4242,actual,src/planner.zig
m-668-grouped-r5,grouped,668,4242,actual,src/provider.zig
m-668-grouped-r5,grouped,668,4242,actual,src/provider/fake.zig
m-668-grouped-r5,grouped,668,4242,actual,src/sshbare/provider.zig
m-668-grouped-r5,grouped,668,4240,declared,src/apply.zig
m-668-grouped-r5,grouped,668,4241,declared,src/apply_policy.zig
m-668-grouped-r5,grouped,668,4241,declared,src/archive.zig
m-668-grouped-r5,grouped,668,4241,declared,src/cache.zig
m-668-grouped-r5,grouped,668,4241,declared,src/query.zig
m-668-grouped-r5,grouped,668,4241,declared,src/rotate_webhooks.zig
m-668-grouped-r5,grouped,668,4242,declared,src/archive.zig
m-668-grouped-r5,grouped,668,4242,declared,src/capabilities.zig
m-668-grouped-r5,grouped,668,4242,declared,src/github/provider.zig
m-668-grouped-r5,grouped,668,4242,declared,src/gitlab/provider.zig
m-668-grouped-r5,grouped,668,4242,declared,src/provider.zig
m-668-grouped-r5,grouped,668,4242,declared,src/provider/fake.zig
m-668-grouped-r5,grouped,668,4242,declared,src/sshbare/provider.zig
m-668-strict-r1,strict,668,4240,actual,src/apply.zig
m-668-strict-r1,strict,668,4240,actual,src/gitlab.zig
m-668-strict-r1,strict,668,4241,actual,src/apply.zig
m-668-strict-r1,strict,668,4241,actual,src/cache.zig
m-668-strict-r1,strict,668,4242,actual,src/capabilities.zig
m-668-strict-r1,strict,668,4242,actual,src/github/provider.zig
m-668-strict-r1,strict,668,4242,actual,src/gitlab/provider.zig
m-668-strict-r1,strict,668,4242,actual,src/provider.zig
m-668-strict-r1,strict,668,4242,actual,src/provider/fake.zig
m-668-strict-r1,strict,668,4242,actual,src/sshbare/provider.zig
m-668-strict-r1,strict,668,4240,declared,src/apply.zig
m-668-strict-r1,strict,668,4241,declared,src/apply_policy.zig
m-668-strict-r1,strict,668,4241,declared,src/archive.zig
m-668-strict-r1,strict,668,4241,declared,src/cache.zig
m-668-strict-r1,strict,668,4241,declared,src/query.zig
m-668-strict-r1,strict,668,4241,declared,src/rotate_webhooks.zig
m-668-strict-r1,strict,668,4242,declared,src/archive.zig
m-668-strict-r1,strict,668,4242,declared,src/capabilities.zig
m-668-strict-r1,strict,668,4242,declared,src/github/provider.zig
m-668-strict-r1,strict,668,4242,declared,src/gitlab/provider.zig
m-668-strict-r1,strict,668,4242,declared,src/provider.zig
m-668-strict-r1,strict,668,4242,declared,src/provider/fake.zig
m-668-strict-r1,strict,668,4242,declared,src/sshbare/provider.zig
m-668-strict-r2,strict,668,4240,actual,src/apply.zig
m-668-strict-r2,strict,668,4240,actual,src/gitlab.zig
m-668-strict-r2,strict,668,4241,actual,src/apply.zig
m-668-strict-r2,strict,668,4241,actual,src/cache.zig
m-668-strict-r2,strict,668,4242,actual,src/github.zig
m-668-strict-r2,strict,668,4242,actual,src/github/provider.zig
m-668-strict-r2,strict,668,4242,actual,src/gitlab.zig
m-668-strict-r2,strict,668,4242,actual,src/gitlab/provider.zig
m-668-strict-r2,strict,668,4242,actual,src/planner.zig
m-668-strict-r2,strict,668,4242,actual,src/provider.zig
m-668-strict-r2,strict,668,4242,actual,src/provider/fake.zig
m-668-strict-r2,strict,668,4242,actual,src/sshbare/provider.zig
m-668-strict-r2,strict,668,4240,declared,src/apply.zig
m-668-strict-r2,strict,668,4241,declared,src/apply_policy.zig
m-668-strict-r2,strict,668,4241,declared,src/archive.zig
m-668-strict-r2,strict,668,4241,declared,src/cache.zig
m-668-strict-r2,strict,668,4241,declared,src/query.zig
m-668-strict-r2,strict,668,4241,declared,src/rotate_webhooks.zig
m-668-strict-r2,strict,668,4242,declared,src/archive.zig
m-668-strict-r2,strict,668,4242,declared,src/capabilities.zig
m-668-strict-r2,strict,668,4242,declared,src/github/provider.zig
m-668-strict-r2,strict,668,4242,declared,src/gitlab/provider.zig
m-668-strict-r2,strict,668,4242,declared,src/provider.zig
m-668-strict-r2,strict,668,4242,declared,src/provider/fake.zig
m-668-strict-r2,strict,668,4242,declared,src/sshbare/provider.zig
m-668-strict-r3,strict,668,4240,actual,src/apply.zig
m-668-strict-r3,strict,668,4241,actual,src/apply.zig
m-668-strict-r3,strict,668,4241,actual,src/cache.zig
m-668-strict-r3,strict,668,4242,actual,src/apply.zig
m-668-strict-r3,strict,668,4242,actual,src/github/extensions.zig
m-668-strict-r3,strict,668,4242,actual,src/github/provider.zig
m-668-strict-r3,strict,668,4242,actual,src/gitlab/extensions.zig
m-668-strict-r3,strict,668,4242,actual,src/gitlab/provider.zig
m-668-strict-r3,strict,668,4242,actual,src/planner.zig
m-668-strict-r3,strict,668,4242,actual,src/provider.zig
m-668-strict-r3,strict,668,4242,actual,src/provider/fake.zig
m-668-strict-r3,strict,668,4242,actual,src/sshbare/provider.zig
m-668-strict-r3,strict,668,4240,declared,src/apply.zig
m-668-strict-r3,strict,668,4241,declared,src/apply_policy.zig
m-668-strict-r3,strict,668,4241,declared,src/archive.zig
m-668-strict-r3,strict,668,4241,declared,src/cache.zig
m-668-strict-r3,strict,668,4241,declared,src/query.zig
m-668-strict-r3,strict,668,4241,declared,src/rotate_webhooks.zig
m-668-strict-r3,strict,668,4242,declared,src/archive.zig
m-668-strict-r3,strict,668,4242,declared,src/capabilities.zig
m-668-strict-r3,strict,668,4242,declared,src/github/provider.zig
m-668-strict-r3,strict,668,4242,declared,src/gitlab/provider.zig
m-668-strict-r3,strict,668,4242,declared,src/provider.zig
m-668-strict-r3,strict,668,4242,declared,src/provider/fake.zig
m-668-strict-r3,strict,668,4242,declared,src/sshbare/provider.zig
m-668-strict-r4,strict,668,4240,actual,src/apply.zig
m-668-strict-r4,strict,668,4241,actual,src/apply.zig
m-668-strict-r4,strict,668,4241,actual,src/cache.zig
m-668-strict-r4,strict,668,4242,actual,src/apply.zig
m-668-strict-r4,strict,668,4242,actual,src/github/provider.zig
m-668-strict-r4,strict,668,4242,actual,src/gitlab/provider.zig
m-668-strict-r4,strict,668,4242,actual,src/planner.zig
m-668-strict-r4,strict,668,4242,actual,src/provider.zig
m-668-strict-r4,strict,668,4242,actual,src/provider/fake.zig
m-668-strict-r4,strict,668,4242,actual,src/sshbare/provider.zig
m-668-strict-r4,strict,668,4240,declared,src/apply.zig
m-668-strict-r4,strict,668,4241,declared,src/apply_policy.zig
m-668-strict-r4,strict,668,4241,declared,src/archive.zig
m-668-strict-r4,strict,668,4241,declared,src/cache.zig
m-668-strict-r4,strict,668,4241,declared,src/query.zig
m-668-strict-r4,strict,668,4241,declared,src/rotate_webhooks.zig
m-668-strict-r4,strict,668,4242,declared,src/archive.zig
m-668-strict-r4,strict,668,4242,declared,src/capabilities.zig
m-668-strict-r4,strict,668,4242,declared,src/github/provider.zig
m-668-strict-r4,strict,668,4242,declared,src/gitlab/provider.zig
m-668-strict-r4,strict,668,4242,declared,src/provider.zig
m-668-strict-r4,strict,668,4242,declared,src/provider/fake.zig
m-668-strict-r4,strict,668,4242,declared,src/sshbare/provider.zig
m-668-strict-r5,strict,668,4240,actual,src/apply.zig
m-668-strict-r5,strict,668,4241,actual,src/apply.zig
m-668-strict-r5,strict,668,4241,actual,src/cache.zig
m-668-strict-r5,strict,668,4242,actual,src/github/provider.zig
m-668-strict-r5,strict,668,4242,actual,src/gitlab/provider.zig
m-668-strict-r5,strict,668,4242,actual,src/planner.zig
m-668-strict-r5,strict,668,4242,actual,src/provider.zig
m-668-strict-r5,strict,668,4242,actual,src/provider/fake.zig
m-668-strict-r5,strict,668,4242,actual,src/sshbare/provider.zig
m-668-strict-r5,strict,668,4240,declared,src/apply.zig
m-668-strict-r5,strict,668,4241,declared,src/apply_policy.zig
m-668-strict-r5,strict,668,4241,declared,src/archive.zig
m-668-strict-r5,strict,668,4241,declared,src/cache.zig
m-668-strict-r5,strict,668,4241,declared,src/query.zig
m-668-strict-r5,strict,668,4241,declared,src/rotate_webhooks.zig
m-668-strict-r5,strict,668,4242,declared,src/archive.zig
m-668-strict-r5,strict,668,4242,declared,src/capabilities.zig
m-668-strict-r5,strict,668,4242,declared,src/github/provider.zig
m-668-strict-r5,strict,668,4242,declared,src/gitlab/provider.zig
m-668-strict-r5,strict,668,4242,declared,src/provider.zig
m-668-strict-r5,strict,668,4242,declared,src/provider/fake.zig
m-668-strict-r5,strict,668,4242,declared,src/sshbare/provider.zig
m-678-eligibility-r2,eligibility,678,4277,actual,src/github.zig
m-678-eligibility-r2,eligibility,678,4277,actual,src/gitlab.zig
m-678-eligibility-r2,eligibility,678,4277,actual,src/http.zig
m-678-eligibility-r2,eligibility,678,4277,actual,src/main.zig
m-678-eligibility-r2,eligibility,678,4277,actual,src/output.zig
m-678-eligibility-r2,eligibility,678,4278,actual,src/planner_proptest.zig
m-678-eligibility-r2,eligibility,678,4279,actual,src/apply.zig
m-678-eligibility-r2,eligibility,678,4279,actual,src/main.zig
m-678-eligibility-r2,eligibility,678,4277,declared,RELEASE_NOTES_v0.5.0-preview.md
m-678-eligibility-r2,eligibility,678,4277,declared,build.zig.zon
m-678-eligibility-r2,eligibility,678,4277,declared,fixtures/canonical-preview.toml
m-678-eligibility-r2,eligibility,678,4277,declared,scripts/preview-release-smoke.sh
m-678-eligibility-r2,eligibility,678,4277,declared,src/main.zig
m-678-eligibility-r2,eligibility,678,4278,declared,src/planner_proptest.zig
m-678-eligibility-r2,eligibility,678,4279,declared,src/apply.zig
m-678-eligibility-r2,eligibility,678,4279,declared,src/main.zig
m-678-eligibility-r3,eligibility,678,4277,actual,src/main.zig
m-678-eligibility-r3,eligibility,678,4278,actual,src/planner_proptest.zig
m-678-eligibility-r3,eligibility,678,4279,actual,src/apply.zig
m-678-eligibility-r3,eligibility,678,4279,actual,src/main.zig
m-678-eligibility-r3,eligibility,678,4277,declared,RELEASE_NOTES_v0.5.0-preview.md
m-678-eligibility-r3,eligibility,678,4277,declared,build.zig.zon
m-678-eligibility-r3,eligibility,678,4277,declared,fixtures/canonical-preview.toml
m-678-eligibility-r3,eligibility,678,4277,declared,scripts/preview-release-smoke.sh
m-678-eligibility-r3,eligibility,678,4277,declared,src/main.zig
m-678-eligibility-r3,eligibility,678,4278,declared,src/planner_proptest.zig
m-678-eligibility-r3,eligibility,678,4279,declared,src/apply.zig
m-678-eligibility-r3,eligibility,678,4279,declared,src/main.zig
m-678-eligibility-r4,eligibility,678,4277,actual,src/main.zig
m-678-eligibility-r4,eligibility,678,4278,actual,src/planner_proptest.zig
m-678-eligibility-r4,eligibility,678,4279,actual,src/apply.zig
m-678-eligibility-r4,eligibility,678,4279,actual,src/main.zig
m-678-eligibility-r4,eligibility,678,4277,declared,RELEASE_NOTES_v0.5.0-preview.md
m-678-eligibility-r4,eligibility,678,4277,declared,build.zig.zon
m-678-eligibility-r4,eligibility,678,4277,declared,fixtures/canonical-preview.toml
m-678-eligibility-r4,eligibility,678,4277,declared,scripts/preview-release-smoke.sh
m-678-eligibility-r4,eligibility,678,4277,declared,src/main.zig
m-678-eligibility-r4,eligibility,678,4278,declared,src/planner_proptest.zig
m-678-eligibility-r4,eligibility,678,4279,declared,src/apply.zig
m-678-eligibility-r4,eligibility,678,4279,declared,src/main.zig
m-678-eligibility-r5,eligibility,678,4277,actual,src/main.zig
m-678-eligibility-r5,eligibility,678,4278,actual,src/planner_proptest.zig
m-678-eligibility-r5,eligibility,678,4279,actual,src/apply.zig
m-678-eligibility-r5,eligibility,678,4279,actual,src/main.zig
m-678-eligibility-r5,eligibility,678,4277,declared,RELEASE_NOTES_v0.5.0-preview.md
m-678-eligibility-r5,eligibility,678,4277,declared,build.zig.zon
m-678-eligibility-r5,eligibility,678,4277,declared,fixtures/canonical-preview.toml
m-678-eligibility-r5,eligibility,678,4277,declared,scripts/preview-release-smoke.sh
m-678-eligibility-r5,eligibility,678,4277,declared,src/main.zig
m-678-eligibility-r5,eligibility,678,4278,declared,src/planner_proptest.zig
m-678-eligibility-r5,eligibility,678,4279,declared,src/apply.zig
m-678-eligibility-r5,eligibility,678,4279,declared,src/main.zig
m-678-grouped-r1,grouped,678,4277,actual,src/apply.zig
m-678-grouped-r1,grouped,678,4277,actual,src/main.zig
m-678-grouped-r1,grouped,678,4277,actual,src/planner.zig
m-678-grouped-r1,grouped,678,4278,actual,src/apply.zig
m-678-grouped-r1,grouped,678,4278,actual,src/main.zig
m-678-grouped-r1,grouped,678,4278,actual,src/planner.zig
m-678-grouped-r1,grouped,678,4279,actual,src/apply.zig
m-678-grouped-r1,grouped,678,4279,actual,src/main.zig
m-678-grouped-r1,grouped,678,4279,actual,src/planner.zig
m-678-grouped-r1,grouped,678,4277,declared,RELEASE_NOTES_v0.5.0-preview.md
m-678-grouped-r1,grouped,678,4277,declared,build.zig.zon
m-678-grouped-r1,grouped,678,4277,declared,fixtures/canonical-preview.toml
m-678-grouped-r1,grouped,678,4277,declared,scripts/preview-release-smoke.sh
m-678-grouped-r1,grouped,678,4277,declared,src/main.zig
m-678-grouped-r1,grouped,678,4278,declared,src/planner_proptest.zig
m-678-grouped-r1,grouped,678,4279,declared,src/apply.zig
m-678-grouped-r1,grouped,678,4279,declared,src/main.zig
m-678-grouped-r2,grouped,678,4277,actual,src/apply.zig
m-678-grouped-r2,grouped,678,4277,actual,src/main.zig
m-678-grouped-r2,grouped,678,4277,actual,src/planner_proptest.zig
m-678-grouped-r2,grouped,678,4278,actual,src/apply.zig
m-678-grouped-r2,grouped,678,4278,actual,src/main.zig
m-678-grouped-r2,grouped,678,4278,actual,src/planner_proptest.zig
m-678-grouped-r2,grouped,678,4279,actual,src/apply.zig
m-678-grouped-r2,grouped,678,4279,actual,src/main.zig
m-678-grouped-r2,grouped,678,4279,actual,src/planner_proptest.zig
m-678-grouped-r2,grouped,678,4277,declared,RELEASE_NOTES_v0.5.0-preview.md
m-678-grouped-r2,grouped,678,4277,declared,build.zig.zon
m-678-grouped-r2,grouped,678,4277,declared,fixtures/canonical-preview.toml
m-678-grouped-r2,grouped,678,4277,declared,scripts/preview-release-smoke.sh
m-678-grouped-r2,grouped,678,4277,declared,src/main.zig
m-678-grouped-r2,grouped,678,4278,declared,src/planner_proptest.zig
m-678-grouped-r2,grouped,678,4279,declared,src/apply.zig
m-678-grouped-r2,grouped,678,4279,declared,src/main.zig
m-678-grouped-r3,grouped,678,4277,actual,src/apply.zig
m-678-grouped-r3,grouped,678,4277,actual,src/main.zig
m-678-grouped-r3,grouped,678,4277,actual,src/planner_proptest.zig
m-678-grouped-r3,grouped,678,4278,actual,src/apply.zig
m-678-grouped-r3,grouped,678,4278,actual,src/main.zig
m-678-grouped-r3,grouped,678,4278,actual,src/planner_proptest.zig
m-678-grouped-r3,grouped,678,4279,actual,src/apply.zig
m-678-grouped-r3,grouped,678,4279,actual,src/main.zig
m-678-grouped-r3,grouped,678,4279,actual,src/planner_proptest.zig
m-678-grouped-r3,grouped,678,4277,declared,RELEASE_NOTES_v0.5.0-preview.md
m-678-grouped-r3,grouped,678,4277,declared,build.zig.zon
m-678-grouped-r3,grouped,678,4277,declared,fixtures/canonical-preview.toml
m-678-grouped-r3,grouped,678,4277,declared,scripts/preview-release-smoke.sh
m-678-grouped-r3,grouped,678,4277,declared,src/main.zig
m-678-grouped-r3,grouped,678,4278,declared,src/planner_proptest.zig
m-678-grouped-r3,grouped,678,4279,declared,src/apply.zig
m-678-grouped-r3,grouped,678,4279,declared,src/main.zig
m-678-grouped-r4,grouped,678,4277,actual,src/apply.zig
m-678-grouped-r4,grouped,678,4277,actual,src/main.zig
m-678-grouped-r4,grouped,678,4277,actual,src/planner_proptest.zig
m-678-grouped-r4,grouped,678,4278,actual,src/apply.zig
m-678-grouped-r4,grouped,678,4278,actual,src/main.zig
m-678-grouped-r4,grouped,678,4278,actual,src/planner_proptest.zig
m-678-grouped-r4,grouped,678,4279,actual,src/apply.zig
m-678-grouped-r4,grouped,678,4279,actual,src/main.zig
m-678-grouped-r4,grouped,678,4279,actual,src/planner_proptest.zig
m-678-grouped-r4,grouped,678,4277,declared,RELEASE_NOTES_v0.5.0-preview.md
m-678-grouped-r4,grouped,678,4277,declared,build.zig.zon
m-678-grouped-r4,grouped,678,4277,declared,fixtures/canonical-preview.toml
m-678-grouped-r4,grouped,678,4277,declared,scripts/preview-release-smoke.sh
m-678-grouped-r4,grouped,678,4277,declared,src/main.zig
m-678-grouped-r4,grouped,678,4278,declared,src/planner_proptest.zig
m-678-grouped-r4,grouped,678,4279,declared,src/apply.zig
m-678-grouped-r4,grouped,678,4279,declared,src/main.zig
m-678-grouped-r5,grouped,678,4277,actual,src/apply.zig
m-678-grouped-r5,grouped,678,4277,actual,src/main.zig
m-678-grouped-r5,grouped,678,4277,actual,src/planner.zig
m-678-grouped-r5,grouped,678,4278,actual,src/apply.zig
m-678-grouped-r5,grouped,678,4278,actual,src/main.zig
m-678-grouped-r5,grouped,678,4278,actual,src/planner.zig
m-678-grouped-r5,grouped,678,4279,actual,src/apply.zig
m-678-grouped-r5,grouped,678,4279,actual,src/main.zig
m-678-grouped-r5,grouped,678,4279,actual,src/planner.zig
m-678-grouped-r5,grouped,678,4277,declared,RELEASE_NOTES_v0.5.0-preview.md
m-678-grouped-r5,grouped,678,4277,declared,build.zig.zon
m-678-grouped-r5,grouped,678,4277,declared,fixtures/canonical-preview.toml
m-678-grouped-r5,grouped,678,4277,declared,scripts/preview-release-smoke.sh
m-678-grouped-r5,grouped,678,4277,declared,src/main.zig
m-678-grouped-r5,grouped,678,4278,declared,src/planner_proptest.zig
m-678-grouped-r5,grouped,678,4279,declared,src/apply.zig
m-678-grouped-r5,grouped,678,4279,declared,src/main.zig
m-678-strict-r1,strict,678,4277,actual,src/main.zig
m-678-strict-r1,strict,678,4278,actual,src/planner_proptest.zig
m-678-strict-r1,strict,678,4279,actual,src/apply.zig
m-678-strict-r1,strict,678,4279,actual,src/main.zig
m-678-strict-r1,strict,678,4277,declared,RELEASE_NOTES_v0.5.0-preview.md
m-678-strict-r1,strict,678,4277,declared,build.zig.zon
m-678-strict-r1,strict,678,4277,declared,fixtures/canonical-preview.toml
m-678-strict-r1,strict,678,4277,declared,scripts/preview-release-smoke.sh
m-678-strict-r1,strict,678,4277,declared,src/main.zig
m-678-strict-r1,strict,678,4278,declared,src/planner_proptest.zig
m-678-strict-r1,strict,678,4279,declared,src/apply.zig
m-678-strict-r1,strict,678,4279,declared,src/main.zig
m-678-strict-r2,strict,678,4277,actual,src/main.zig
m-678-strict-r2,strict,678,4278,actual,src/planner_proptest.zig
m-678-strict-r2,strict,678,4279,actual,src/apply.zig
m-678-strict-r2,strict,678,4279,actual,src/main.zig
m-678-strict-r2,strict,678,4277,declared,RELEASE_NOTES_v0.5.0-preview.md
m-678-strict-r2,strict,678,4277,declared,build.zig.zon
m-678-strict-r2,strict,678,4277,declared,fixtures/canonical-preview.toml
m-678-strict-r2,strict,678,4277,declared,scripts/preview-release-smoke.sh
m-678-strict-r2,strict,678,4277,declared,src/main.zig
m-678-strict-r2,strict,678,4278,declared,src/planner_proptest.zig
m-678-strict-r2,strict,678,4279,declared,src/apply.zig
m-678-strict-r2,strict,678,4279,declared,src/main.zig
m-678-strict-r3,strict,678,4277,actual,build.zig.zon
m-678-strict-r3,strict,678,4277,actual,src/main.zig
m-678-strict-r3,strict,678,4278,actual,src/planner_proptest.zig
m-678-strict-r3,strict,678,4279,actual,src/apply.zig
m-678-strict-r3,strict,678,4279,actual,src/main.zig
m-678-strict-r3,strict,678,4277,declared,RELEASE_NOTES_v0.5.0-preview.md
m-678-strict-r3,strict,678,4277,declared,build.zig.zon
m-678-strict-r3,strict,678,4277,declared,fixtures/canonical-preview.toml
m-678-strict-r3,strict,678,4277,declared,scripts/preview-release-smoke.sh
m-678-strict-r3,strict,678,4277,declared,src/main.zig
m-678-strict-r3,strict,678,4278,declared,src/planner_proptest.zig
m-678-strict-r3,strict,678,4279,declared,src/apply.zig
m-678-strict-r3,strict,678,4279,declared,src/main.zig
m-678-strict-r4,strict,678,4277,actual,build.zig.zon
m-678-strict-r4,strict,678,4277,actual,src/main.zig
m-678-strict-r4,strict,678,4278,actual,src/planner_proptest.zig
m-678-strict-r4,strict,678,4279,actual,src/apply.zig
m-678-strict-r4,strict,678,4279,actual,src/main.zig
m-678-strict-r4,strict,678,4277,declared,RELEASE_NOTES_v0.5.0-preview.md
m-678-strict-r4,strict,678,4277,declared,build.zig.zon
m-678-strict-r4,strict,678,4277,declared,fixtures/canonical-preview.toml
m-678-strict-r4,strict,678,4277,declared,scripts/preview-release-smoke.sh
m-678-strict-r4,strict,678,4277,declared,src/main.zig
m-678-strict-r4,strict,678,4278,declared,src/planner_proptest.zig
m-678-strict-r4,strict,678,4279,declared,src/apply.zig
m-678-strict-r4,strict,678,4279,declared,src/main.zig
m-678-strict-r5,strict,678,4277,actual,src/main.zig
m-678-strict-r5,strict,678,4278,actual,src/planner_proptest.zig
m-678-strict-r5,strict,678,4279,actual,src/apply.zig
m-678-strict-r5,strict,678,4279,actual,src/main.zig
m-678-strict-r5,strict,678,4277,declared,RELEASE_NOTES_v0.5.0-preview.md
m-678-strict-r5,strict,678,4277,declared,build.zig.zon
m-678-strict-r5,strict,678,4277,declared,fixtures/canonical-preview.toml
m-678-strict-r5,strict,678,4277,declared,scripts/preview-release-smoke.sh
m-678-strict-r5,strict,678,4277,declared,src/main.zig
m-678-strict-r5,strict,678,4278,declared,src/planner_proptest.zig
m-678-strict-r5,strict,678,4279,declared,src/apply.zig
m-678-strict-r5,strict,678,4279,declared,src/main.zig
