run_uid,plan_id,arm,status,started_at,ended_at,actual_touches,declared_touches,token_samples
m-659-eligibility-r1,659,eligibility,completed,2026-06-25T10:02:21.635Z,2026-06-25T10:22:24.017Z,8,4,5
m-659-eligibility-r3,659,eligibility,completed,2026-06-25T23:17:17.548Z,2026-06-25T23:37:18.831Z,8,4,6
m-659-eligibility-r4,659,eligibility,completed,2026-06-26T05:18:15.408Z,2026-06-26T05:38:17.920Z,9,4,5
m-659-eligibility-r5,659,eligibility,completed,2026-06-26T12:43:53.439Z,2026-06-26T13:03:55.797Z,8,4,5
m-659-grouped-r1,659,grouped,completed,2026-06-25T08:42:09.809Z,2026-06-25T09:02:11.824Z,42,4,1
m-659-grouped-r3,659,grouped,completed,2026-06-25T23:37:23.597Z,2026-06-25T23:57:25.916Z,24,4,1
m-659-grouped-r4,659,grouped,completed,2026-06-26T05:38:22.410Z,2026-06-26T05:58:24.437Z,54,4,1
m-659-grouped-r5,659,grouped,completed,2026-06-26T11:23:40.385Z,2026-06-26T11:43:42.729Z,24,4,1
m-659-strict-r1,659,strict,completed,2026-06-25T09:02:13.878Z,2026-06-25T10:02:16.238Z,8,4,6
m-659-strict-r3,659,strict,completed,2026-06-25T23:57:27.848Z,2026-06-26T00:57:31.398Z,5,4,5
m-659-strict-r4,659,strict,completed,2026-06-26T05:58:26.367Z,2026-06-26T06:58:31.107Z,8,4,4
m-659-strict-r5,659,strict,completed,2026-06-26T11:43:44.789Z,2026-06-26T12:43:48.489Z,8,4,5
m-668-eligibility-r1,668,eligibility,completed,2026-06-25T15:56:35.167Z,2026-06-25T16:36:38.081Z,10,13,5
m-668-eligibility-r2,668,eligibility,completed,2026-06-25T19:49:54.020Z,2026-06-25T20:36:50.263Z,12,13,5
m-668-eligibility-r3,668,eligibility,completed,2026-06-26T01:37:42.704Z,2026-06-26T02:17:46.033Z,11,13,4
m-668-eligibility-r4,668,eligibility,completed,2026-06-26T07:38:42.274Z,2026-06-26T08:18:45.510Z,11,13,5
m-668-eligibility-r5,668,eligibility,completed,2026-06-26T14:44:16.435Z,2026-06-26T15:24:19.804Z,12,13,5
m-668-grouped-r1,668,grouped,completed,2026-06-25T11:22:36.376Z,2026-06-25T12:02:37.968Z,10,13,2
m-668-grouped-r2,668,grouped,completed,2026-06-25T20:36:55.118Z,2026-06-25T21:16:58.276Z,10,13,3
m-668-grouped-r3,668,grouped,completed,2026-06-26T00:57:36.200Z,2026-06-26T01:37:39.229Z,10,13,3
m-668-grouped-r4,668,grouped,completed,2026-06-26T06:58:35.908Z,2026-06-26T07:38:38.975Z,10,13,3
m-668-grouped-r5,668,grouped,completed,2026-06-26T14:04:09.643Z,2026-06-26T14:44:12.823Z,11,13,3
m-668-strict-r1,668,strict,completed,2026-06-25T10:22:28.951Z,2026-06-25T11:22:32.748Z,10,13,5
m-668-strict-r2,668,strict,completed,2026-06-25T18:49:45.609Z,2026-06-25T19:49:49.189Z,12,13,5
m-668-strict-r3,668,strict,completed,2026-06-26T02:17:50.941Z,2026-06-26T03:17:54.514Z,12,13,5
m-668-strict-r4,668,strict,completed,2026-06-26T08:18:50.447Z,2026-06-26T09:23:17.404Z,10,13,4
m-668-strict-r5,668,strict,completed,2026-06-26T13:04:00.998Z,2026-06-26T14:04:04.679Z,9,13,5
m-678-eligibility-r2,678,eligibility,completed,2026-06-25T22:17:08.631Z,2026-06-25T22:57:10.221Z,8,8,6
m-678-eligibility-r3,678,eligibility,completed,2026-06-26T03:38:02.038Z,2026-06-26T04:18:03.685Z,4,8,6
m-678-eligibility-r4,678,eligibility,completed,2026-06-26T10:43:33.883Z,2026-06-26T11:23:35.487Z,4,8,6
m-678-eligibility-r5,678,eligibility,completed,2026-06-26T16:24:33.078Z,2026-06-26T17:04:34.812Z,4,8,6
m-678-grouped-r1,678,grouped,completed,2026-06-25T13:42:46.025Z,2026-06-25T14:02:46.816Z,9,8,2
m-678-grouped-r2,678,grouped,completed,2026-06-25T22:57:14.734Z,2026-06-25T23:17:15.653Z,9,8,2
m-678-grouped-r3,678,grouped,completed,2026-06-26T03:17:59.292Z,2026-06-26T03:38:00.167Z,9,8,2
m-678-grouped-r4,678,grouped,completed,2026-06-26T10:23:29.979Z,2026-06-26T10:43:31.970Z,9,8,1
m-678-grouped-r5,678,grouped,completed,2026-06-26T17:04:39.829Z,2026-06-26T17:24:40.865Z,9,8,2
m-678-strict-r1,678,strict,completed,2026-06-25T16:36:42.890Z,2026-06-25T17:36:44.971Z,4,8,6
m-678-strict-r2,678,strict,completed,2026-06-25T21:17:01.653Z,2026-06-25T22:17:03.764Z,4,8,6
m-678-strict-r3,678,strict,completed,2026-06-26T04:18:08.395Z,2026-06-26T05:18:10.548Z,5,8,6
m-678-strict-r4,678,strict,completed,2026-06-26T09:23:22.927Z,2026-06-26T10:23:24.991Z,5,8,6
m-678-strict-r5,678,strict,completed,2026-06-26T15:24:25.379Z,2026-06-26T16:24:27.700Z,4,8,6
