corpus_task,gf_task,declR,declP,modR,modP,effR,effP,eff_tokens,declared,modify_paths,effective_paths,actual
4206,3268,0.250,1.000,0.750,0.500,0.750,0.158,84948,src/cache.zig,apply;cache;doctor;src/apply.zig;src/cache.zig;src/doctor.zig,apply;cache;doctor;src/apply.zig;src/cache.zig;src/credentials.zig;src/doctor.zig;src/github/provider.zig;src/gitlab.zig;src/gitlab/provider.zig;src/http.zig;src/log.zig;src/manifest.zig;src/output.zig;src/planner.zig;src/provider.zig;src/sshbare/provider.zig;src/template.zig;vendor/etc-cli/src/cli/validate.zig,src/apply.zig;src/cache.zig;src/doctor.zig;src/migrations/0005_observed_settings.sql
4207,3494,1.000,1.000,1.000,0.500,1.000,0.167,30025,src/apply_policy.zig;src/manifest.zig,apply_policy;manifest;src/apply_policy.zig;src/manifest.zig,apply_policy;manifest;src/apply.zig;src/apply_policy.zig;src/cache.zig;src/filter.zig;src/gitlab/provider.zig;src/log.zig;src/manifest.zig;src/output.zig;src/planner.zig;src/provider.zig,src/apply_policy.zig;src/manifest.zig
4208,3508,1.000,1.000,1.000,0.500,1.000,0.091,12192,src/query.zig,query;src/query.zig,query;src/cache.zig;src/filter.zig;src/github/provider.zig;src/gitlab/provider.zig;src/manifest.zig;src/output.zig;src/planner.zig;src/provider/fake.zig;src/query.zig;src/sshbare/provider.zig,src/query.zig
4240,3269,1.000,1.000,1.000,0.100,1.000,0.042,120941,src/apply.zig,apply;archive;cache;query;rotate_webhooks;src/apply.zig;src/archive.zig;src/cache.zig;src/query.zig;src/rotate_webhooks.zig,apply;archive;cache;query;rotate_webhooks;src/apply.zig;src/archive.zig;src/cache.zig;src/credentials.zig;src/filter.zig;src/github/provider.zig;src/gitlab.zig;src/gitlab/provider.zig;src/log.zig;src/manifest.zig;src/output.zig;src/planner.zig;src/provider.zig;src/provider/fake.zig;src/query.zig;src/rotate_webhooks.zig;src/sshbare/provider.zig;src/template.zig;vendor/etc-cli/src/cli/validate.zig,src/apply.zig
4241,3492,1.000,0.800,1.000,0.500,1.000,0.211,84364,src/apply_policy.zig;src/archive.zig;src/cache.zig;src/query.zig;src/rotate_webhooks.zig,archive;cache;query;rotate_webhooks;src/archive.zig;src/cache.zig;src/query.zig;src/rotate_webhooks.zig,archive;cache;query;rotate_webhooks;src/archive.zig;src/cache.zig;src/filter.zig;src/github/provider.zig;src/gitlab.zig;src/gitlab/provider.zig;src/log.zig;src/manifest.zig;src/output.zig;src/planner.zig;src/provider.zig;src/provider/fake.zig;src/query.zig;src/rotate_webhooks.zig;src/sshbare/provider.zig,src/archive.zig;src/cache.zig;src/query.zig;src/rotate_webhooks.zig
4242,3493,0.583,1.000,1.000,0.571,1.000,0.353,228921,src/archive.zig;src/capabilities.zig;src/github/provider.zig;src/gitlab/provider.zig;src/provider.zig;src/provider/fake.zig;src/sshbare/provider.zig,apply;apply_policy;archive;capabilities;fake;filter;planner;provider;rotate_webhooks;src/apply.zig;src/apply_policy.zig;src/archive.zig;src/capabilities.zig;src/filter.zig;src/github/provider.zig;src/gitlab/provider.zig;src/planner.zig;src/provider.zig;src/provider/fake.zig;src/rotate_webhooks.zig;src/sshbare/provider.zig,apply;apply_policy;archive;capabilities;fake;filter;planner;provider;rotate_webhooks;src/apply.zig;src/apply_policy.zig;src/archive.zig;src/cache.zig;src/capabilities.zig;src/credentials.zig;src/filter.zig;src/github.zig;src/github/extensions.zig;src/github/provider.zig;src/gitlab.zig;src/gitlab/extensions.zig;src/gitlab/provider.zig;src/http.zig;src/log.zig;src/manifest.zig;src/output.zig;src/planner.zig;src/provider.zig;src/provider/fake.zig;src/rotate_webhooks.zig;src/ssh_credentials.zig;src/sshbare/provider.zig;src/template.zig;vendor/etc-cli/src/cli/validate.zig,src/apply.zig;src/apply_policy.zig;src/archive.zig;src/capabilities.zig;src/filter.zig;src/github/provider.zig;src/gitlab/provider.zig;src/planner.zig;src/provider.zig;src/provider/fake.zig;src/rotate_webhooks.zig;src/sshbare/provider.zig
4277,2981,0.833,1.000,0.167,0.500,0.167,0.067,8003,RELEASE_NOTES_v0.5.0-preview.md;build.zig.zon;fixtures/canonical-preview.toml;scripts/preview-release-smoke.sh;src/main.zig,main;src/main.zig,main;src/apply.zig;src/apply_policy.zig;src/archive.zig;src/cache.zig;src/capabilities.zig;src/discovery.zig;src/log.zig;src/main.zig;src/mv.zig;src/output.zig;src/query.zig;src/refresh.zig;src/rotate_webhooks.zig;src/status.zig,.github/workflows/ci.yml;RELEASE_NOTES_v0.5.0-preview.md;build.zig.zon;fixtures/canonical-preview.toml;scripts/preview-release-smoke.sh;src/main.zig
4278,2980,1.000,1.000,1.000,0.500,1.000,0.200,29824,src/planner_proptest.zig,planner_proptest;src/planner_proptest.zig,planner_proptest;src/cache.zig;src/manifest.zig;src/planner.zig;src/planner_proptest.zig,src/planner_proptest.zig
4279,2979,1.000,1.000,1.000,0.500,1.000,0.077,55524,src/apply.zig;src/main.zig,apply;main;src/apply.zig;src/main.zig,apply;main;src/apply.zig;src/apply_policy.zig;src/archive.zig;src/cache.zig;src/capabilities.zig;src/credentials.zig;src/discovery.zig;src/github/provider.zig;src/gitlab.zig;src/gitlab/provider.zig;src/log.zig;src/main.zig;src/manifest.zig;src/mv.zig;src/output.zig;src/planner.zig;src/provider.zig;src/query.zig;src/refresh.zig;src/rotate_webhooks.zig;src/sshbare/provider.zig;src/status.zig;src/template.zig;vendor/etc-cli/src/cli/validate.zig,src/apply.zig;src/main.zig
