corpus_task,gf_task,declR,effR_base,effR_head,modR_base,eff_files_base,eff_files_head,eff_tokens_base,declared,effective_base,actual
4206,3268,0.250,0.250,0.750,0.250,2,19,35617,src/cache.zig,cache;src/cache.zig,src/apply.zig;src/cache.zig;src/doctor.zig;src/migrations/0005_observed_settings.sql
4207,3494,1.000,1.000,1.000,1.000,12,12,30345,src/apply_policy.zig;src/manifest.zig,apply_policy;manifest;src/apply.zig;src/apply_policy.zig;src/cache.zig;src/filter.zig;src/gitlab/provider.zig;src/log.zig;src/manifest.zig;src/output.zig;src/planner.zig;src/provider.zig,src/apply_policy.zig;src/manifest.zig
4208,3508,1.000,1.000,1.000,1.000,11,11,11870,src/query.zig,query;src/cache.zig;src/filter.zig;src/github/provider.zig;src/gitlab/provider.zig;src/manifest.zig;src/output.zig;src/planner.zig;src/provider/fake.zig;src/query.zig;src/sshbare/provider.zig,src/query.zig
4240,3269,1.000,1.000,1.000,1.000,14,24,38143,src/apply.zig,apply;src/apply.zig;src/cache.zig;src/credentials.zig;src/github/provider.zig;src/gitlab/provider.zig;src/log.zig;src/manifest.zig;src/output.zig;src/planner.zig;src/provider.zig;src/sshbare/provider.zig;src/template.zig;vendor/etc-cli/src/cli/validate.zig,src/apply.zig
4241,3492,1.000,0.250,1.000,0.250,2,19,22057,src/apply_policy.zig;src/archive.zig;src/cache.zig;src/query.zig;src/rotate_webhooks.zig,cache;src/cache.zig,src/archive.zig;src/cache.zig;src/query.zig;src/rotate_webhooks.zig
4242,3493,0.583,0.500,1.000,0.500,18,34,102300,src/archive.zig;src/capabilities.zig;src/github/provider.zig;src/gitlab/provider.zig;src/provider.zig;src/provider/fake.zig;src/sshbare/provider.zig,capabilities;fake;provider;src/capabilities.zig;src/credentials.zig;src/github.zig;src/github/extensions.zig;src/github/provider.zig;src/gitlab.zig;src/gitlab/extensions.zig;src/gitlab/provider.zig;src/http.zig;src/log.zig;src/output.zig;src/provider.zig;src/provider/fake.zig;src/ssh_credentials.zig;src/sshbare/provider.zig,src/apply.zig;src/apply_policy.zig;src/archive.zig;src/capabilities.zig;src/filter.zig;src/github/provider.zig;src/gitlab/provider.zig;src/planner.zig;src/provider.zig;src/provider/fake.zig;src/rotate_webhooks.zig;src/sshbare/provider.zig
4277,2981,0.833,0.167,0.167,0.167,10,15,4922,RELEASE_NOTES_v0.5.0-preview.md;build.zig.zon;fixtures/canonical-preview.toml;scripts/preview-release-smoke.sh;src/main.zig,main;src/apply.zig;src/cache.zig;src/capabilities.zig;src/discovery.zig;src/log.zig;src/main.zig;src/output.zig;src/refresh.zig;src/status.zig,.github/workflows/ci.yml;RELEASE_NOTES_v0.5.0-preview.md;build.zig.zon;fixtures/canonical-preview.toml;scripts/preview-release-smoke.sh;src/main.zig
4278,2980,1.000,0.000,1.000,0.000,0,5,0,src/planner_proptest.zig,,src/planner_proptest.zig
4279,2979,1.000,1.000,1.000,1.000,19,26,35728,src/apply.zig;src/main.zig,apply;main;src/apply.zig;src/cache.zig;src/capabilities.zig;src/credentials.zig;src/discovery.zig;src/github/provider.zig;src/gitlab/provider.zig;src/log.zig;src/main.zig;src/manifest.zig;src/output.zig;src/provider.zig;src/refresh.zig;src/sshbare/provider.zig;src/status.zig;src/template.zig;src/validate.zig,src/apply.zig;src/main.zig
