gf_task,declared_n,actual_n,hits,precision,recall,declared_paths,actual_paths
2982,2,7,2,1.000,0.286,src/capabilities.zig;src/provider.zig,src/apply.zig;src/capabilities.zig;src/github/provider.zig;src/gitlab/provider.zig;src/provider.zig;src/provider/fake.zig;src/sshbare/provider.zig
2983,1,3,1,1.000,0.333,src/github/provider.zig,src/apply.zig;src/github/extensions.zig;src/github/provider.zig
2984,1,3,1,1.000,0.333,src/gitlab/provider.zig,src/gitlab.zig;src/gitlab/extensions.zig;src/gitlab/provider.zig
2985,3,4,3,1.000,0.750,src/apply.zig;src/planner.zig;src/status.zig,src/apply.zig;src/cache.zig;src/planner.zig;src/status.zig
2986,1,1,1,1.000,1.000,src/planner_proptest.zig,src/planner_proptest.zig
2987,1,1,1,1.000,1.000,src/filter.zig,src/filter.zig
2988,1,1,1,1.000,1.000,src/query.zig,src/query.zig
2989,1,1,1,1.000,1.000,src/query.zig,src/query.zig
2990,1,1,1,1.000,1.000,src/mv.zig,src/mv.zig
2991,1,1,1,1.000,1.000,src/archive.zig,src/archive.zig
2992,1,2,1,1.000,0.500,src/rotate_webhooks.zig,src/apply_policy.zig;src/rotate_webhooks.zig
2993,1,2,1,1.000,0.500,src/apply_policy.zig,src/apply_policy.zig;src/rotate_webhooks.zig
2994,5,4,4,0.800,1.000,src/apply.zig;src/apply_policy.zig;src/archive.zig;src/mv.zig;src/rotate_webhooks.zig,src/apply_policy.zig;src/archive.zig;src/mv.zig;src/rotate_webhooks.zig
3008,1,1,1,1.000,1.000,src/doctor.zig,src/doctor.zig
3009,1,1,1,1.000,1.000,src/manifest_upgrade.zig,src/manifest_upgrade.zig
3010,1,3,1,1.000,0.333,build.zig,.gitignore;build.zig;scripts/refresh-fixtures.sh
3011,1,0,0,0.000,,scripts/release.sh,
3012,1,4,1,1.000,0.250,docs/quickstart.md,docs/README.md;docs/manifest-reference.md;docs/provider-matrix.md;docs/quickstart.md
3013,1,0,0,0.000,,src/main.zig,
3266,2,2,2,1.000,1.000,src/gitlab/extensions.zig;src/gitlab/provider.zig,src/gitlab/extensions.zig;src/gitlab/provider.zig
3267,3,3,3,1.000,1.000,src/apply.zig;src/cache.zig;src/planner.zig,src/apply.zig;src/cache.zig;src/planner.zig
3268,1,4,1,1.000,0.250,src/cache.zig,src/apply.zig;src/cache.zig;src/doctor.zig;src/migrations/0005_observed_settings.sql
3269,1,1,1,1.000,1.000,src/apply.zig,src/apply.zig
3270,1,2,1,1.000,0.500,src/apply.zig,src/apply.zig;src/planner.zig
3446,1,1,1,1.000,1.000,src/main.zig,src/main.zig
3487,1,1,1,1.000,1.000,src/filter.zig,src/filter.zig
3492,5,4,4,0.800,1.000,src/apply_policy.zig;src/archive.zig;src/cache.zig;src/query.zig;src/rotate_webhooks.zig,src/archive.zig;src/cache.zig;src/query.zig;src/rotate_webhooks.zig
3493,7,12,7,1.000,0.583,src/archive.zig;src/capabilities.zig;src/github/provider.zig;src/gitlab/provider.zig;src/provider.zig;src/provider/fake.zig;src/sshbare/provider.zig,src/apply.zig;src/apply_policy.zig;src/archive.zig;src/capabilities.zig;src/filter.zig;src/github/provider.zig;src/gitlab/provider.zig;src/planner.zig;src/provider.zig;src/provider/fake.zig;src/rotate_webhooks.zig;src/sshbare/provider.zig
3494,2,2,2,1.000,1.000,src/apply_policy.zig;src/manifest.zig,src/apply_policy.zig;src/manifest.zig
3495,2,1,1,0.500,1.000,src/apply.zig;src/rotate_webhooks.zig,src/rotate_webhooks.zig
3508,1,1,1,1.000,1.000,src/query.zig,src/query.zig
3510,2,6,2,1.000,0.333,src/apply_policy.zig;src/archive.zig,docs/architecture.md;src/apply.zig;src/apply_policy.zig;src/archive.zig;src/main.zig;src/rotate_webhooks.zig
3517,1,6,1,1.000,0.167,src/main.zig,docs/architecture.md;src/apply.zig;src/apply_policy.zig;src/archive.zig;src/main.zig;src/rotate_webhooks.zig
3547,5,2,2,0.400,1.000,src/apply_policy.zig;src/archive.zig;src/gitlab.zig;src/gitlab/extensions.zig;src/rotate_webhooks.zig,src/archive.zig;src/gitlab.zig
3549,1,6,1,1.000,0.167,docs/architecture.md,docs/architecture.md;src/apply.zig;src/apply_policy.zig;src/archive.zig;src/main.zig;src/rotate_webhooks.zig
3558,2,3,2,1.000,0.667,src/apply.zig;src/rotate_webhooks.zig,src/apply.zig;src/apply_policy.zig;src/rotate_webhooks.zig
3581,2,6,2,1.000,0.333,src/apply.zig;src/rotate_webhooks.zig,docs/architecture.md;src/apply.zig;src/apply_policy.zig;src/archive.zig;src/main.zig;src/rotate_webhooks.zig
